Low,High,M1 X,M1 Y,M1 Roll,M1 Pitch,M1 Yaw,M2 X,M2 Y,M2 Roll,M2 Pitch,M2 Yaw,M2 Bendus,M2 Bendds
1,2,-4.69088089390157,-12.0440597256614,-2.42692435806811,20.774203672486,-0.022655084010736,-8.18445090862764,13.0280806921778,61.0574651340406,-23.9916494947126,0.151675545795668,2.3604015034771,9.2052296497021
2,3,15.3584331039262,-6.0213659588138,2.70378780511518,2.23672512307807,-0.060097692983459,-16.2418839432634,16.8892222974362,58.5260554651655,7.75002929028175,0.245583716529189,-2.81504702082971,-8.21841885980811
3,4,10.1291649947935,16.2165832359712,-3.03321396885109,-12.931582345308,0.09590424061058,-13.6789619984674,-14.4676179921948,58.9735236944128,-3.50477650195186,-0.053895893910496,-1.23340631832699,-5.85905959722112
