Zoom, X Scale, Y Scale, X Offset, Y Offset,
0,0.0004222972972972973,0.0004219409282700426,0,0, 
10,0.0005755395683453217,0.0005736137667304012,0,0,
20,0.0007861635220125787,0.0007858546168958741,0,0,
30,0.0010775862068965517,0.0010771992818671455,0,0,
40,0.0014734774066797642,0.0014742014742014744,0,0,
50,0.0019267822736030828,0.0019230769230769232,0,0,
60,0.0027662517289073307,0.0027624309392265192,0,0,
70,0.003857280617164899,0.0038461538461538464,0,0,
80,0.005249343832020997,0.005226480836236934,0,0,
